title,url,inserted_at,wikidata_id,description,title2,description2,url2,wikidata_id2,inserted_at2,updated_at
Lights out (manufacturing),http://en.m.wikipedia.org/wiki/Lights_out_(manufacturing),2015-03-18T13:18:45,Q3063795,,,,,,,
Veblen good,http://en.m.wikipedia.org/wiki/Veblen_good,2015-03-12T11:52:52,Q1074135,,,,,,,
Albatross (metaphor),https://en.m.wikipedia.org/wiki/Albatross_(metaphor),2018-11-14T15:03:17,Q4709452,Metaphor,Albatross (metaphor),Metaphor,https://en.m.wikipedia.org/wiki/Albatross_(metaphor),Q4709452,2020-05-30T20:45:25,2020-05-30T20:45:25
Alfred Korzybski,https://en.m.wikipedia.org/wiki/Alfred_Korzybski,2017-07-06T20:01:44,Q333402,,,,,,,
Astroturfing,https://en.m.wikipedia.org/wiki/Astroturfing,2017-02-12T08:28:34,Q752177,"Marketing tactic of creating ""grassroots"" organizations",Astroturfing,"Marketing tactic of creating ""grassroots"" organizations",https://en.m.wikipedia.org/wiki/Astroturfing,Q752177,2020-05-30T20:45:25,2020-05-30T20:45:25
Japanese Peruvians,https://en.m.wikipedia.org/wiki/Japanese_Peruvians#The_Nikkei_cuisine,2020-01-25T19:23:39,Q3274441,,,,,,,
At-will employment,https://en.m.wikipedia.org/wiki/At-will_employment,2019-02-23T16:45:56,Q4812279,,,,,,,
Attention economy,https://en.m.wikipedia.org/wiki/Attention_economy,2017-06-26T14:53:08,Q295287,economic view of human attention as a commodity,Attention economy,economic view of human attention as a commodity,https://en.m.wikipedia.org/wiki/Attention_economy,Q295287,2020-05-30T20:45:25,2020-05-30T20:45:25
Battered person syndrome,https://en.m.wikipedia.org/wiki/Battered_person_syndrome,2017-06-16T14:06:31,Q2911296,,,,,,,
Betel nut beauty,https://en.m.wikipedia.org/wiki/Betel_nut_beauty,2018-08-02T11:27:45,Q713184,,,,,,,
Blue Moon (beer),https://en.m.wikipedia.org/wiki/Blue_Moon_(beer),2018-08-01T06:49:18,Q8248915,,,,,,,
Bright-line rule,https://en.m.wikipedia.org/wiki/Bright-line_rule,2017-06-12T07:04:51,Q4967356,Judicial test using clearly defined and objective factors,Bright-line rule,Judicial test using clearly defined and objective factors,https://en.m.wikipedia.org/wiki/Bright-line_rule,Q4967356,2020-05-30T20:45:25,2020-05-30T20:45:25
Burden of proof (law),https://en.m.wikipedia.org/wiki/Burden_of_proof_(law),2018-05-16T10:25:23,Q9012745,,,,,,,
Café de olla,https://en.m.wikipedia.org/wiki/Caf%C3%A9_de_olla,2019-02-24T17:49:39,Q5739217,Mexican coffee drink,Café de olla,Mexican coffee drink,https://en.m.wikipedia.org/wiki/Caf%C3%A9_de_olla,Q5739217,2020-05-30T20:45:25,2020-05-30T20:45:25
Cargo cult programming,https://en.m.wikipedia.org/wiki/Cargo_cult_programming,2019-03-26T07:23:32,Q1027351,Ritual inclusion of computer code that serve no purpose,Cargo cult programming,Ritual inclusion of computer code that serve no purpose,https://en.m.wikipedia.org/wiki/Cargo_cult_programming,Q1027351,2020-05-30T20:45:25,2020-05-30T20:45:25
Clever Hans,https://en.m.wikipedia.org/wiki/Clever_Hans,2017-02-25T11:40:54,Q1127291,Early 20th-century horse claimed to have been able to do mathematics,Clever Hans,Early 20th-century horse claimed to have been able to do mathematics,https://en.m.wikipedia.org/wiki/Clever_Hans,Q1127291,2020-05-30T20:45:25,2020-05-30T20:45:25
Codependency,https://en.m.wikipedia.org/wiki/Codependency,2016-06-05T14:51:10,Q21109,,,,,,,
Compulsion loop,https://en.m.wikipedia.org/wiki/Compulsion_loop,2019-07-16T01:53:15,Q30686626,,,,,,,
Conscientiousness,https://en.m.wikipedia.org/wiki/Conscientiousness,2018-11-13T19:43:01,Q1307067,Personality trait of being orderly and following the rules,Conscientiousness,Personality trait of being orderly and following the rules,https://en.m.wikipedia.org/wiki/Conscientiousness,Q1307067,2020-05-30T20:45:25,2020-05-30T20:45:25
Contrast effect,https://en.m.wikipedia.org/wiki/Contrast_effect,2017-08-29T23:49:43,Q166253,,,,,,,
Cumbia,https://en.m.wikipedia.org/wiki/Cumbia,2019-03-08T19:22:02,Q723418,Folkloric genre and dance from Colombia.,Cumbia,Folkloric genre and dance from Colombia.,https://en.m.wikipedia.org/wiki/Cumbia,Q723418,2020-05-30T20:45:25,2020-05-30T20:45:25
Cynefin framework,https://en.m.wikipedia.org/wiki/Cynefin_framework,2016-11-27T23:17:09,Q1147954,,,,,,,
Decoy effect,https://en.m.wikipedia.org/wiki/Decoy_effect,2019-01-05T05:39:09,Q205154,Phenomenon in marketing,Decoy effect,Phenomenon in marketing,https://en.m.wikipedia.org/wiki/Decoy_effect,Q205154,2020-05-30T20:45:25,2020-05-30T20:45:25
Double bind,https://en.m.wikipedia.org/wiki/Double_bind,2018-12-18T20:14:19,Q1242876,Psychological dilemma,Double bind,Psychological dilemma,https://en.m.wikipedia.org/wiki/Double_bind,Q1242876,2020-05-30T20:45:25,2020-05-30T20:45:25
Dream pop,https://en.m.wikipedia.org/wiki/Dream_pop,2017-06-28T18:13:18,Q592330,,,,,,,
Dutch auction,https://en.m.wikipedia.org/wiki/Dutch_auction,2018-01-21T08:59:58,Q727746,"Type of auction which begins with a high asking price, and lowers it.",Dutch auction,"Type of auction which begins with a high asking price, and lowers it.",https://en.m.wikipedia.org/wiki/Dutch_auction,Q727746,2020-05-30T20:45:25,2020-05-30T20:45:25
End-of-history illusion,https://en.m.wikipedia.org/wiki/End-of-history_illusion,2017-05-24T22:10:33,Q5375767,,,,,,,
Exceptionalism,https://en.m.wikipedia.org/wiki/Exceptionalism,2016-10-16T10:30:48,Q1076085,"belief that a species, country, society, institution, movement, individual, or time period is ""exceptional",Exceptionalism,"belief that a species, country, society, institution, movement, individual, or time period is ""exceptional",https://en.m.wikipedia.org/wiki/Exceptionalism,Q1076085,2020-05-30T20:45:25,2020-05-30T20:45:25
Extended file attributes,https://en.m.wikipedia.org/wiki/Extended_file_attributes,2018-07-01T01:59:35,Q2085509,,,,,,,
Externality,https://en.m.wikipedia.org/wiki/Externality,2017-06-19T07:54:31,Q275372,,,,,,,
False consensus effect,https://en.m.wikipedia.org/wiki/False_consensus_effect,2017-05-04T10:20:14,Q908850,Attributional type of cognitive bias,False consensus effect,Attributional type of cognitive bias,https://en.m.wikipedia.org/wiki/False_consensus_effect,Q908850,2020-05-30T20:45:25,2020-05-30T20:45:25
Falsifiability,https://en.m.wikipedia.org/wiki/Falsifiability,2018-01-24T21:10:08,Q220888,Possibility of a statement to be proven wrong by observation,Falsifiability,Possibility of a statement to be proven wrong by observation,https://en.m.wikipedia.org/wiki/Falsifiability,Q220888,2020-05-30T20:45:25,2020-05-30T20:45:25
Faust,https://en.m.wikipedia.org/wiki/Faust,2018-07-23T09:30:42,Q332885,Protagonist of a classic German legend,Faust,Protagonist of a classic German legend,https://en.m.wikipedia.org/wiki/Faust,Q332885,2020-05-30T20:45:25,2020-05-30T20:45:25
Fermat's principle,https://en.m.wikipedia.org/wiki/Fermat's_principle,2018-11-09T00:56:57,Q331041,Principle of least time,Fermat's principle,Principle of least time,https://en.m.wikipedia.org/wiki/Fermat's_principle,Q331041,2020-05-30T20:45:25,2020-05-30T20:45:25
Florida Man,https://en.m.wikipedia.org/wiki/Florida_Man,2019-07-16T19:51:38,Q19879826,Internet meme about weird conduct by men from Florida,Florida Man,Internet meme about weird conduct by men from Florida,https://en.m.wikipedia.org/wiki/Florida_Man,Q19879826,2020-05-30T20:45:25,2020-05-30T20:45:25
GQM,https://en.m.wikipedia.org/wiki/GQM,2017-07-17T17:18:52,Q1533422,,,,,,,
Hedonic treadmill,https://en.m.wikipedia.org/wiki/Hedonic_treadmill,2016-12-04T11:46:43,Q5697619,Psychological concept,Hedonic treadmill,Psychological concept,https://en.m.wikipedia.org/wiki/Hedonic_treadmill,Q5697619,2020-05-30T20:45:25,2020-05-30T20:45:25
Heuristic,https://en.m.wikipedia.org/wiki/Heuristic,2017-05-29T07:26:36,Q201413,,,,,,,
History of Chinese Americans,https://en.m.wikipedia.org/wiki/History_of_Chinese_Americans,2020-04-04T23:21:22,Q1516704,History of ethnic Chinese in the United States,History of Chinese Americans,History of ethnic Chinese in the United States,https://en.m.wikipedia.org/wiki/History_of_Chinese_Americans,Q1516704,2020-05-30T20:45:25,2020-05-30T20:45:25
Homomorphic encryption,https://en.m.wikipedia.org/wiki/Homomorphic_encryption,2018-07-30T16:34:22,Q2154943,A form of encryption that allows computation on ciphertexts,Homomorphic encryption,A form of encryption that allows computation on ciphertexts,https://en.m.wikipedia.org/wiki/Homomorphic_encryption,Q2154943,2020-05-30T20:45:25,2020-05-30T20:45:25
Hypocrisy,https://en.m.wikipedia.org/wiki/Hypocrisy,2016-06-02T13:37:55,Q201650,,,,,,,
Impact bias,https://en.m.wikipedia.org/wiki/Impact_bias,2019-12-30T16:51:49,Q6005882,,,,,,,
Inflection point,https://en.m.wikipedia.org/wiki/Inflection_point,2018-06-11T07:48:19,Q212794,Point where a curve crosses its tangent and the curvature changes of sign,Inflection point,Point where a curve crosses its tangent and the curvature changes of sign,https://en.m.wikipedia.org/wiki/Inflection_point,Q212794,2020-05-30T20:45:25,2020-05-30T20:45:25
Information hiding,https://en.m.wikipedia.org/wiki/Information_hiding,2018-07-17T10:14:44,Q15912075,,,,,,,
Ipso facto,https://en.m.wikipedia.org/wiki/Ipso_facto,2020-04-13T04:45:25,Q138653,,,,,,,
Jean-Michel Jarre,https://en.m.wikipedia.org/wiki/Jean-Michel_Jarre,2019-07-23T04:04:21,Q104326,,,,,,,
Kayfabe,https://en.m.wikipedia.org/wiki/Kayfabe,2019-01-23T04:02:22,Q387294,"In professional wrestling, the portrayal of staged events as if they were true",Kayfabe,"In professional wrestling, the portrayal of staged events as if they were true",https://en.m.wikipedia.org/wiki/Kayfabe,Q387294,2020-05-30T20:45:25,2020-05-30T20:45:25
Anchoring,https://en.m.wikipedia.org/wiki/Anchoring,2016-06-05T07:08:06,Q557151,,,,,,,
Karōshi,https://en.m.wikipedia.org/wiki/Kar%C5%8Dshi,2016-12-04T11:53:25,Q1051107,,,,,,,
Chauvet Cave,http://en.m.wikipedia.org/wiki/Chauvet_Cave,2015-05-22T13:05:22,Q374096,Cave in France with best-preserved cave paintings,Chauvet Cave,Cave in France with best-preserved cave paintings,http://en.m.wikipedia.org/wiki/Chauvet_Cave,Q374096,2020-05-30T20:45:25,2020-05-30T20:45:25
Linguistic relativity,https://en.m.wikipedia.org/wiki/Linguistic_relativity,2018-01-26T22:42:27,Q179677,linguistic hypothesis,Linguistic relativity,linguistic hypothesis,https://en.m.wikipedia.org/wiki/Linguistic_relativity,Q179677,2020-05-30T20:45:25,2020-05-30T20:45:25
Management by objectives,https://en.m.wikipedia.org/wiki/Management_by_objectives,2018-11-17T17:48:27,Q1045631,,,,,,,
Meno's slave,https://en.m.wikipedia.org/wiki/Meno%27s_slave,2017-06-12T06:21:43,Q10274722,,,,,,,
Menudo (soup),https://en.m.wikipedia.org/wiki/Menudo_(soup),2019-06-25T17:05:09,Q6817675,,,,,,,
Meritocracy,https://en.m.wikipedia.org/wiki/Meritocracy,2018-05-16T00:11:48,Q178079,,,,,,,
Merkle tree,https://en.m.wikipedia.org/wiki/Merkle_tree,2018-07-28T00:49:14,Q14746,,,,,,,
Nothing to hide argument,https://en.m.wikipedia.org/wiki/Nothing_to_hide_argument,2019-02-26T18:28:04,Q15627872,Argument that one doesn't need privacy unless someone is doing something wrong,Nothing to hide argument,Argument that one doesn't need privacy unless someone is doing something wrong,https://en.m.wikipedia.org/wiki/Nothing_to_hide_argument,Q15627872,2020-05-30T20:45:25,2020-05-30T20:45:25
Ontology,https://en.m.wikipedia.org/wiki/Ontology,2016-11-06T09:59:48,Q44325,"Study of the nature of being, becoming, existence or reality, as well as the basic categories of being and their relations",Ontology,"Study of the nature of being, becoming, existence or reality, as well as the basic categories of being and their relations",https://en.m.wikipedia.org/wiki/Ontology,Q44325,2020-05-30T20:45:25,2020-05-30T20:45:25
Open-source intelligence,https://en.m.wikipedia.org/wiki/Open-source_intelligence,2016-10-21T22:07:04,Q1059178,,,,,,,
Overton window,https://en.m.wikipedia.org/wiki/Overton_window,2018-09-24T22:10:28,Q542950,Range of ideas tolerated in public discourse,Overton window,Range of ideas tolerated in public discourse,https://en.m.wikipedia.org/wiki/Overton_window,Q542950,2020-05-30T20:45:25,2020-05-30T20:45:25
PDCA,https://en.m.wikipedia.org/wiki/PDCA,2019-04-18T16:00:14,Q820214,,,,,,,
Paradox of value,https://en.m.wikipedia.org/wiki/Paradox_of_value,2019-05-18T19:09:39,Q915342,,,,,,,
Peak experience,https://en.m.wikipedia.org/wiki/Peak_experience,2016-10-11T11:56:47,Q2351257,,,,,,,
Peter principle,https://en.m.wikipedia.org/wiki/Peter_principle,2018-06-24T22:26:58,Q497359,Concept that people in a hierarchy are promoted until no longer competent,Peter principle,Concept that people in a hierarchy are promoted until no longer competent,https://en.m.wikipedia.org/wiki/Peter_principle,Q497359,2020-05-30T20:45:25,2020-05-30T20:45:25
Possession is nine-tenths of the law,https://en.m.wikipedia.org/wiki/Possession_is_nine-tenths_of_the_law,2017-07-25T21:20:09,Q7233403,,,,,,,
Price elasticity of demand,https://en.m.wikipedia.org/wiki/Price_elasticity_of_demand,2017-07-03T17:52:16,Q3194154,,,,,,,
Prisoner's dilemma,https://en.m.wikipedia.org/wiki/Prisoner's_dilemma,2019-01-09T18:33:04,Q41693,Canonical example of a game analyzed in game theory,Prisoner's dilemma,Canonical example of a game analyzed in game theory,https://en.m.wikipedia.org/wiki/Prisoner's_dilemma,Q41693,2020-05-30T20:45:25,2020-05-30T20:45:25
"Progress, plans, problems","https://en.m.wikipedia.org/wiki/Progress,_plans,_problems",2019-05-06T23:45:06,Q7248526,,,,,,,
Psychological contract,https://en.m.wikipedia.org/wiki/Psychological_contract,2018-11-13T02:50:31,Q1425431,,,,,,,
Quis custodiet ipsos custodes?,https://en.m.wikipedia.org/wiki/Quis_custodiet_ipsos_custodes%3F,2019-05-14T00:26:06,Q2357290,,,,,,,
Reactive programming,https://en.m.wikipedia.org/wiki/Reactive_programming,2017-05-18T09:03:55,Q4354073,,,,,,,
Reid technique,https://en.m.wikipedia.org/wiki/Reid_technique,2017-01-29T09:02:07,Q7310002,,,,,,,
Rubric (academic),https://en.m.wikipedia.org/wiki/Rubric_(academic),2018-06-23T10:27:18,Q847349,Scoring guide for assessment,Rubric (academic),Scoring guide for assessment,https://en.m.wikipedia.org/wiki/Rubric_(academic),Q847349,2020-05-30T20:45:25,2020-05-30T20:45:25
S'more,https://en.m.wikipedia.org/wiki/S%27more,2019-11-21T19:44:03,Q2339814,,,,,,,
Saltine cracker,https://en.m.wikipedia.org/wiki/Saltine_cracker,2020-04-09T00:21:28,Q15060428,,,,,,,
Scientific management,https://en.m.wikipedia.org/wiki/Scientific_management,2018-11-13T22:05:06,Q203549,Theory of management,Scientific management,Theory of management,https://en.m.wikipedia.org/wiki/Scientific_management,Q203549,2020-05-30T20:45:25,2020-05-30T20:45:25
Scientism,https://en.m.wikipedia.org/wiki/Scientism,2018-09-24T01:38:52,Q193626,,,,,,,
Self-actualization,https://en.m.wikipedia.org/wiki/Self-actualization,2017-07-29T10:29:20,Q198827,,,,,,,
Semantic satiation,https://en.m.wikipedia.org/wiki/Semantic_satiation,2017-02-10T06:43:57,Q226007,,,,,,,
Silicon Beach,https://en.m.wikipedia.org/wiki/Silicon_Beach,2019-04-13T02:44:42,Q7514938,,,,,,,
Socratic method,https://en.m.wikipedia.org/wiki/Socratic_method,2017-06-12T06:16:41,Q839475,Type of dialog or debate,Socratic method,Type of dialog or debate,https://en.m.wikipedia.org/wiki/Socratic_method,Q839475,2020-05-30T20:45:25,2020-05-30T20:45:25
Spotlight effect,https://en.m.wikipedia.org/wiki/Spotlight_effect,2019-12-11T05:04:46,Q2312941,,,,,,,
Stable marriage problem,https://en.m.wikipedia.org/wiki/Stable_marriage_problem,2018-07-31T22:52:49,Q620702,,,,,,,
Subset sum problem,https://en.m.wikipedia.org/wiki/Subset_sum_problem,2018-11-17T04:45:44,Q1154420,,,,,,,
Syd Barrett,https://en.m.wikipedia.org/wiki/Syd_Barrett,2016-08-19T12:31:51,Q173061,,,,,,,
Tacit knowledge,https://en.m.wikipedia.org/wiki/Tacit_knowledge,2017-02-09T04:42:11,Q743861,,,,,,,
Teetotalism,https://en.m.wikipedia.org/wiki/Teetotalism,2019-01-10T06:16:30,Q15131448,Abstinence from alcoholic beverages,Teetotalism,Abstinence from alcoholic beverages,https://en.m.wikipedia.org/wiki/Teetotalism,Q15131448,2020-05-30T20:45:25,2020-05-30T20:45:25
Terror management theory,https://en.m.wikipedia.org/wiki/Terror_management_theory,2017-05-24T22:10:53,Q1474856,Social and evolutionary psychology theory,Terror management theory,Social and evolutionary psychology theory,https://en.m.wikipedia.org/wiki/Terror_management_theory,Q1474856,2020-05-30T20:45:25,2020-05-30T20:45:25
The Myth of Sisyphus,https://en.m.wikipedia.org/wiki/The_Myth_of_Sisyphus,2017-06-12T06:20:42,Q1125903,1942 book by Albert Camus,The Myth of Sisyphus,1942 book by Albert Camus,https://en.m.wikipedia.org/wiki/The_Myth_of_Sisyphus,Q1125903,2020-05-30T20:45:25,2020-05-30T20:45:25
Transference,https://en.m.wikipedia.org/wiki/Transference,2017-09-24T09:09:02,Q334231,,,,,,,
Trolley problem,https://en.m.wikipedia.org/wiki/Trolley_problem,2017-04-08T23:20:38,Q1753199,Thought experiment in ethics,Trolley problem,Thought experiment in ethics,https://en.m.wikipedia.org/wiki/Trolley_problem,Q1753199,2020-05-30T20:45:25,2020-05-30T20:45:25
Uncertainty avoidance,https://en.m.wikipedia.org/wiki/Uncertainty_avoidance,2018-11-14T00:28:54,Q15514847,,,,,,,
Universal Darwinism,https://en.m.wikipedia.org/wiki/Universal_Darwinism,2017-06-03T23:09:38,Q7893935,An attempt to expand the application of Darwinian evolutionary theory to other fields,Universal Darwinism,An attempt to expand the application of Darwinian evolutionary theory to other fields,https://en.m.wikipedia.org/wiki/Universal_Darwinism,Q7893935,2020-05-30T20:45:25,2020-05-30T20:45:25
VRIO,https://en.m.wikipedia.org/wiki/VRIO,2018-11-16T01:20:13,Q7907491,,,,,,,
Visual language,https://en.m.wikipedia.org/wiki/Visual_language,2017-05-15T22:20:14,Q1659648,,,,,,,
Wim Hof,https://en.m.wikipedia.org/wiki/Wim_Hof,2019-01-18T16:23:47,Q926482,Dutch extreme athlete,Wim Hof,Dutch extreme athlete,https://en.m.wikipedia.org/wiki/Wim_Hof,Q926482,2020-05-30T20:45:25,2020-05-30T20:45:25
Zeigarnik effect,https://en.m.wikipedia.org/wiki/Zeigarnik_effect,2016-10-15T20:50:09,Q184812,,,,,,,
A Modest Proposal,https://en.wikipedia.org/wiki/A_Modest_Proposal,2018-05-01T02:45:52,Q264143,1729 satirical essay by Jonathan Swift,A Modest Proposal,1729 satirical essay by Jonathan Swift,https://en.wikipedia.org/wiki/A_Modest_Proposal,Q264143,2020-05-30T20:45:25,2020-05-30T20:45:25
Cover your ass,https://en.wikipedia.org/wiki/Cover_your_ass,2019-01-05T21:09:19,Q5179210,,,,,,,
Paisa Region,https://en.m.wikipedia.org/wiki/Paisa_Region,2016-02-13T23:23:39,Q4968015,,,,,,,
Learning organization,https://en.m.wikipedia.org/wiki/Learning_organization,2018-11-13T22:28:54,Q1328304,,,,,,,
Malinchism,https://en.m.wikipedia.org/wiki/Malinchism,2019-01-15T02:11:27,Q3282110,,,,,,,
Dialectic,https://en.wikipedia.org/wiki/Dialectic,2018-07-19T12:43:35,Q9453,Discourse method for resolving disagreement by reasoned argument,Dialectic,Discourse method for resolving disagreement by reasoned argument,https://en.wikipedia.org/wiki/Dialectic,Q9453,2020-05-30T20:45:25,2020-05-30T20:45:25
Divide and rule,https://en.wikipedia.org/wiki/Divide_and_rule,2018-07-14T10:13:45,Q68951,Strategy in politics and sociology,Divide and rule,Strategy in politics and sociology,https://en.wikipedia.org/wiki/Divide_and_rule,Q68951,2020-05-30T20:45:25,2020-05-30T20:45:25
Epistemology,https://en.wikipedia.org/wiki/Epistemology,2019-09-23T04:16:20,Q9471,Branch of philosophy concerned with the nature and scope of knowledge,Epistemology,Branch of philosophy concerned with the nature and scope of knowledge,https://en.wikipedia.org/wiki/Epistemology,Q9471,2020-05-30T20:45:25,2020-05-30T20:45:25
Epistemology,https://en.wikipedia.org/wiki/Epistemology,2019-09-23T04:16:20,Q9471,Branch of philosophy concerned with the nature and scope of knowledge,Epistemology,Branch of philosophy concerned with the nature and scope of knowledge,https://en.wikipedia.org/wiki/Epistemology,Q9471,2020-05-30T20:45:25,2020-05-30T20:45:25
False economy,https://en.wikipedia.org/wiki/False_economy,2018-02-08T09:13:38,Q2031629,,,,,,,
Giffen good,https://en.wikipedia.org/wiki/Giffen_good,2019-09-19T19:16:09,Q242677,,,,,,,
Hick's law,https://en.wikipedia.org/wiki/Hick%27s_law,2019-09-27T00:48:54,Q910445,,,,,,,
Identity politics,https://en.wikipedia.org/wiki/Identity_politics,2018-09-10T04:21:58,Q2914650,,,,,,,
Lake Lahontan,https://en.wikipedia.org/wiki/Lake_Lahontan,2018-08-18T06:15:39,Q585214,,,,,,,
Land diving,https://en.wikipedia.org/wiki/Land_diving,2018-09-11T02:50:59,Q663714,,,,,,,
Law of triviality,https://en.wikipedia.org/wiki/Law_of_triviality,2018-11-12T00:46:31,Q169899,Focusing on what is irrelevant but easy to understand,Law of triviality,Focusing on what is irrelevant but easy to understand,https://en.wikipedia.org/wiki/Law_of_triviality,Q169899,2020-05-30T20:45:25,2020-05-30T20:45:25
Law of triviality,https://en.wikipedia.org/wiki/Law_of_triviality,2018-11-12T00:46:31,Q169899,Focusing on what is irrelevant but easy to understand,Law of triviality,Focusing on what is irrelevant but easy to understand,https://en.wikipedia.org/wiki/Law_of_triviality,Q169899,2020-05-30T20:45:25,2020-05-30T20:45:25
Middle Way,https://en.wikipedia.org/wiki/Middle_Way,2019-12-03T08:03:59,Q833475,Buddhist doctrine,Middle Way,Buddhist doctrine,https://en.wikipedia.org/wiki/Middle_Way,Q833475,2020-05-30T20:45:25,2020-05-30T20:45:25
Necessity and sufficiency,https://en.wikipedia.org/wiki/Necessity_and_sufficiency,2019-09-19T21:18:22,Q875267,,,,,,,
Negativity bias,https://en.wikipedia.org/wiki/Negativity_bias,2018-10-10T01:39:07,Q16254302,,,,,,,
Osborne effect,https://en.wikipedia.org/wiki/Osborne_effect,2020-02-26T18:47:05,Q2634790,The drop in sales of a company prematurely announcing a future product,Osborne effect,The drop in sales of a company prematurely announcing a future product,https://en.wikipedia.org/wiki/Osborne_effect,Q2634790,2020-05-30T20:45:25,2020-05-30T20:45:25
Piri piri,https://en.wikipedia.org/wiki/Piri_piri,2018-03-04T06:14:31,Q512580,,,,,,,
Personal fable,https://en.wikipedia.org/wiki/Personal_fable,2019-02-19T00:03:21,Q7170579,,,,,,,
Phrasal verb,https://en.wikipedia.org/wiki/Phrasal_verb,2018-08-14T20:28:15,Q1527589,,,,,,,
Pumpkin ale,https://en.wikipedia.org/wiki/Pumpkin_ale,2018-10-07T03:13:23,Q16878201,Style of beer,Pumpkin ale,Style of beer,https://en.wikipedia.org/wiki/Pumpkin_ale,Q16878201,2020-05-30T20:45:25,2020-05-30T20:45:25
Sacred cow (idiom),https://en.wikipedia.org/wiki/Sacred_cow_(idiom),2019-06-20T01:57:52,Q7397334,,,,,,,
Seattle Freeze,https://en.wikipedia.org/wiki/Seattle_Freeze,2018-09-29T04:25:16,Q7442101,"cultural label of Seattle, WA as a place it's hard to make friends",Seattle Freeze,"cultural label of Seattle, WA as a place it's hard to make friends",https://en.wikipedia.org/wiki/Seattle_Freeze,Q7442101,2020-05-30T20:45:25,2020-05-30T20:45:25
Sex-positive movement,https://en.wikipedia.org/wiki/Sex-positive_movement,2018-09-19T13:39:41,Q13411011,,,,,,,
"Lotería (juego), la enciclopedia libre",https://es.m.wikipedia.org/wiki/Loter%C3%ADa_(juego),2019-01-29T19:45:29,Q6684664,,,,,,,
Swallow tattoo,https://en.wikipedia.org/wiki/Swallow_tattoo,2018-08-07T11:39:22,Q7653113,,,,,,,
Tamam Shud case,https://en.wikipedia.org/wiki/Tamam_Shud_case,2019-10-08T01:44:56,Q923144,,,,,,,
Technological fix,https://en.wikipedia.org/wiki/Technological_fix,2018-05-22T09:08:35,Q7692525,,,,,,,
Theory of mind,https://en.wikipedia.org/wiki/Theory_of_mind,2018-05-07T10:14:02,Q639219,Ability to attribute mental states to oneself and others,Theory of mind,Ability to attribute mental states to oneself and others,https://en.m.wikipedia.org/wiki/Theory_of_mind,Q639219,2020-05-30T20:45:25,2020-05-30T20:45:25
Theory of mind,https://en.wikipedia.org/wiki/Theory_of_mind,2018-05-07T10:14:02,Q639219,Ability to attribute mental states to oneself and others,Theory of mind,Ability to attribute mental states to oneself and others,https://en.wikipedia.org/wiki/Theory_of_mind,Q639219,2020-05-30T20:45:25,2020-05-30T20:45:25
Thomas Crapper,https://en.wikipedia.org/wiki/Thomas_Crapper,2018-09-24T20:23:52,Q2987116,British plumber,Thomas Crapper,British plumber,https://en.wikipedia.org/wiki/Thomas_Crapper,Q2987116,2020-05-30T20:45:25,2020-05-30T20:45:25
BabelNet,https://en.wikipedia.org/wiki/BabelNet,2018-12-10T16:58:29,Q4837690,,,,,,,
Attachment theory,https://en.wikipedia.org/wiki/Attachment_theory,2018-12-08T03:11:25,Q909609,Psychological ethological theory about human relationships,Attachment theory,Psychological ethological theory about human relationships,https://en.wikipedia.org/wiki/Attachment_theory,Q909609,2020-05-30T20:45:25,2020-05-30T20:45:25
Shavasana,https://en.wikipedia.org/wiki/Shavasana,2018-12-06T05:56:03,Q2019129,relaxed reclining posture in hatha yoga,Shavasana,relaxed reclining posture in hatha yoga,https://en.wikipedia.org/wiki/Shavasana,Q2019129,2020-05-30T20:45:25,2020-05-30T20:45:25
Autodidacticism,https://en.wikipedia.org/wiki/Autodidacticism,2018-11-24T04:24:03,Q207650,Independent education without the guidance of masters,Autodidacticism,Independent education without the guidance of masters,https://en.m.wikipedia.org/wiki/Autodidacticism,Q207650,2020-05-30T20:45:25,2020-05-30T20:45:25
Autodidacticism,https://en.wikipedia.org/wiki/Autodidacticism,2018-11-24T04:24:03,Q207650,Independent education without the guidance of masters,Autodidacticism,Independent education without the guidance of masters,https://en.wikipedia.org/wiki/Autodidacticism,Q207650,2020-05-30T20:45:25,2020-05-30T20:45:25
Power distance,https://en.wikipedia.org/wiki/Power_distance,2018-11-14T04:11:38,Q11900227,strength of social hierarchy,Power distance,strength of social hierarchy,https://en.wikipedia.org/wiki/Power_distance,Q11900227,2020-05-30T20:45:25,2020-05-30T20:45:25
Meisner technique,https://en.wikipedia.org/wiki/Meisner_technique,2018-10-14T01:58:23,Q6810330,,Meisner technique,,https://en.wikipedia.org/wiki/Meisner_technique,,2020-09-08T20:55:40,2020-09-08T20:55:40
Day of the Programmer,https://en.wikipedia.org/wiki/Day_of_the_Programmer,2019-09-13T17:22:41,Q581718,,,,,,,
Tash Sultana,https://en.wikipedia.org/wiki/Tash_Sultana,2018-09-27T00:01:02,Q27671324,,,,,,,
Bill of sale,https://en.wikipedia.org/wiki/Bill_of_sale,2018-07-23T06:49:15,Q506681,,,,,,,
Mdadm,https://en.wikipedia.org/wiki/Mdadm,2018-06-30T10:33:40,Q286836,,,,,,,
Metcalfe,https://en.wikipedia.org/wiki/Metcalfe,2018-06-19T23:16:34,Q421244,Disambiguation page providing links to topics that could be referred to by the same search term,Metcalfe,Disambiguation page providing links to topics that could be referred to by the same search term,https://en.wikipedia.org/wiki/Metcalfe,Q421244,2020-05-30T20:45:25,2020-05-30T20:45:25
Triplestore,https://en.wikipedia.org/wiki/Triplestore,2017-08-16T23:42:41,Q3539533,,,,,,,
Partial application,https://en.wikipedia.org/wiki/Partial_application,2016-12-11T02:44:55,Q7140358,,,,,,,
Letter and spirit of the law,https://en.wikipedia.org/wiki/Letter_and_spirit_of_the_law,2018-05-16T07:24:50,Q6533542,Concepts in philosophy of law,Letter and spirit of the law,Concepts in philosophy of law,https://en.wikipedia.org/wiki/Letter_and_spirit_of_the_law,Q6533542,2020-05-30T20:45:25,2020-05-30T20:45:25
Site Reliability Engineering,https://en.wikipedia.org/wiki/Site_Reliability_Engineering,2018-12-17T01:36:39,Q56351687,,,,,,,
Decision theory,https://en.wikipedia.org/wiki/Decision_theory,2017-06-07T02:30:23,Q177571,,,,,,,
Visual thinking,https://en.wikipedia.org/wiki/Visual_thinking,2017-06-01T12:12:50,Q7328862,,,,,,,
Incentive,https://en.wikipedia.org/wiki/Incentive,2017-05-30T08:23:28,Q1414816,,,,,,,
Value engineering,https://en.wikipedia.org/wiki/Value_engineering,2017-05-28T06:59:05,Q1067270,,,,,,,
Folk devil,https://en.wikipedia.org/wiki/Folk_devil,2017-05-28T00:46:57,Q5464460,A person or group of people who are portrayed in folklore or the media as outsiders and deviant,Folk devil,A person or group of people who are portrayed in folklore or the media as outsiders and deviant,https://en.wikipedia.org/wiki/Folk_devil,Q5464460,2020-05-30T20:45:25,2020-05-30T20:45:25
No zuo no die,https://en.wikipedia.org/wiki/No_zuo_no_die,2018-05-01T04:55:07,Q28133948,,,,,,,
Technology adoption life cycle,https://en.wikipedia.org/wiki/Technology_adoption_life_cycle,2017-05-22T01:08:28,Q7692587,,,,,,,
Slavoj Žižek,https://en.wikipedia.org/wiki/Slavoj_%C5%BDi%C5%BEek,2017-05-13T12:44:01,Q184750,Slovene philosopher,Slavoj Žižek,Slovene philosopher,https://en.m.wikipedia.org/wiki/Slavoj_%C5%BDi%C5%BEek,Q184750,2020-05-30T20:45:25,2020-05-30T20:45:25
Slavoj Žižek,https://en.wikipedia.org/wiki/Slavoj_%C5%BDi%C5%BEek,2017-05-13T12:44:01,Q184750,Slovene philosopher,Slavoj Žižek,Slovene philosopher,https://en.wikipedia.org/wiki/Slavoj_%C5%BDi%C5%BEek,Q184750,2020-05-30T20:45:25,2020-05-30T20:45:25
Type inference,https://en.wikipedia.org/wiki/Type_inference,2017-05-11T04:32:02,Q586459,,,,,,,
Working memory,https://en.wikipedia.org/wiki/Working_memory,2017-05-11T01:12:55,Q11337567,Cognitive system for temporarily holding information,Working memory,Cognitive system for temporarily holding information,https://en.wikipedia.org/wiki/Working_memory,Q11337567,2020-05-30T20:45:25,2020-05-30T20:45:25
Set,https://en.wikipedia.org/wiki/Set,2017-05-10T09:06:28,Q235028,Disambiguation page providing links to topics that could be referred to by the same search term,Set,Disambiguation page providing links to topics that could be referred to by the same search term,https://en.wikipedia.org/wiki/Set,Q235028,2020-05-30T20:45:25,2020-05-30T20:45:25
Shuhari,https://en.wikipedia.org/wiki/Shuhari,2016-11-16T02:24:53,Q2915391,,,,,,,
Nag Champa,https://en.wikipedia.org/wiki/Nag_Champa,2018-09-29T07:17:28,Q899767,,,,,,,
Valence effect,https://en.wikipedia.org/wiki/Valence_effect,2017-04-20T23:00:12,Q7910633,,,,,,,
Why–because analysis,https://en.wikipedia.org/wiki/Why%E2%80%93because_analysis,2016-05-04T04:34:27,Q7997953,,,,,,,
Coordinate system,https://en.wikipedia.org/wiki/Coordinate_system,2017-05-11T11:12:15,Q11210,System for determining the position of a point by a tuple of scalars,Coordinate system,System for determining the position of a point by a tuple of scalars,https://en.wikipedia.org/wiki/Coordinate_system,Q11210,2020-05-30T20:45:25,2020-05-30T20:45:25
Genetic fallacy,https://en.wikipedia.org/wiki/Genetic_fallacy,2018-04-05T01:03:49,Q1202868,,,,,,,
Doppelganger Week,https://en.wikipedia.org/wiki/Doppelganger_Week,2018-03-07T08:03:51,Q4139004,,,,,,,
Active imagination,https://en.wikipedia.org/wiki/Active_imagination,2018-03-04T06:18:02,Q935990,,,,,,,
Post hoc ergo propter hoc,https://en.wikipedia.org/wiki/Post_hoc_ergo_propter_hoc,2017-04-10T12:11:29,Q732404,Fallacy of assumption of causality based on sequence of events,Post hoc ergo propter hoc,Fallacy of assumption of causality based on sequence of events,https://en.wikipedia.org/wiki/Post_hoc_ergo_propter_hoc,Q732404,2020-05-30T20:45:25,2020-05-30T20:45:25
Thomas Hobbes,https://en.wikipedia.org/wiki/Thomas_Hobbes,2017-03-28T10:28:53,Q37621,17th-century English philosopher,Thomas Hobbes,17th-century English philosopher,https://en.wikipedia.org/wiki/Thomas_Hobbes,Q37621,2020-05-30T20:45:25,2020-05-30T20:45:25
White flight,https://en.wikipedia.org/wiki/White_flight,2017-03-27T11:57:15,Q2989605,,,,,,,
Neoliberalism,https://en.wikipedia.org/wiki/Neoliberalism,2017-03-27T11:56:02,Q162719,Political philosophy that supports economic liberalization,Neoliberalism,Political philosophy that supports economic liberalization,https://en.wikipedia.org/wiki/Neoliberalism,Q162719,2020-05-30T20:45:25,2020-05-30T20:45:25
Crony capitalism,https://en.wikipedia.org/wiki/Crony_capitalism,2018-01-29T08:23:52,Q2937479,,,,,,,
Effective altruism,https://en.wikipedia.org/wiki/Effective_altruism,2018-01-25T23:52:40,Q13489381,Philosophy and social movement that applies evidence and reason to determine the most effective ways to benefit others,Effective altruism,Philosophy and social movement that applies evidence and reason to determine the most effective ways to benefit others,https://en.wikipedia.org/wiki/Effective_altruism,Q13489381,2020-05-30T20:45:25,2020-05-30T20:45:25
Not invented here,https://en.wikipedia.org/wiki/Not_invented_here,2016-06-17T09:25:02,Q1782368,,,,,,,
Syd Mead,https://en.wikipedia.org/wiki/Syd_Mead,2017-03-06T11:51:34,Q940474,American concept artist,Syd Mead,American concept artist,https://en.wikipedia.org/wiki/Syd_Mead,Q940474,2020-05-30T20:45:25,2020-05-30T20:45:25
Social stratification,https://en.wikipedia.org/wiki/Social_stratification,2017-02-28T12:22:14,Q841628,population with similar characteristics in a society,Social stratification,population with similar characteristics in a society,https://en.wikipedia.org/wiki/Social_stratification,Q841628,2020-05-30T20:45:25,2020-05-30T20:45:25
Disinformation,https://en.wikipedia.org/wiki/Disinformation,2017-02-24T00:10:35,Q189656,False information spread deliberately to deceive,Disinformation,False information spread deliberately to deceive,https://en.wikipedia.org/wiki/Disinformation,Q189656,2020-05-30T20:45:25,2020-05-30T20:45:25
Psychometrics,https://en.wikipedia.org/wiki/Psychometrics,2017-02-24T00:08:38,Q506132,theory and technique of psychological measurement,Psychometrics,theory and technique of psychological measurement,https://en.wikipedia.org/wiki/Psychometrics,Q506132,2020-05-30T20:45:25,2020-05-30T20:45:25
Numeral system,https://en.wikipedia.org/wiki/Numeral_system,2017-11-02T05:57:48,Q122653,Notation for expressing numbers,Numeral system,Notation for expressing numbers,https://en.wikipedia.org/wiki/Numeral_system,Q122653,2020-05-30T20:45:25,2020-05-30T20:45:25
Magic Quadrant,https://en.wikipedia.org/wiki/Magic_Quadrant,2015-09-02T23:12:55,Q17157268,,,,,,,
Abstract syntax tree,https://en.wikipedia.org/wiki/Abstract_syntax_tree,2015-08-04T22:52:29,Q127380,,,,,,,
Constructive dismissal,https://en.wikipedia.org/wiki/Constructive_dismissal,2016-05-19T11:42:06,Q429010,,,,,,,
Single point of failure,https://en.wikipedia.org/wiki/Single_point_of_failure,2016-05-04T03:59:54,Q1363179,"A part of a system that, if it fails, will stop the entire system from working",Single point of failure,"A part of a system that, if it fails, will stop the entire system from working",https://en.wikipedia.org/wiki/Single_point_of_failure,Q1363179,2020-05-30T20:45:25,2020-05-30T20:45:25
Pushd and popd,https://en.wikipedia.org/wiki/Pushd_and_popd,2016-04-29T11:07:33,Q7261779,,,,,,,
Gossip protocol,https://en.wikipedia.org/wiki/Gossip_protocol,2016-03-25T08:30:53,Q5587504,,,,,,,
Category theory,https://en.wikipedia.org/wiki/Category_theory,2016-01-14T05:42:27,Q217413,Branch of mathematics,Category theory,Branch of mathematics,https://en.wikipedia.org/wiki/Category_theory,Q217413,2020-05-30T20:45:25,2020-05-30T20:45:25
Stilyagi,https://en.wikipedia.org/wiki/Stilyagi,2016-01-12T10:20:33,Q4442617,,,,,,,
Optimistic concurrency control,https://en.wikipedia.org/wiki/Optimistic_concurrency_control,2016-08-09T04:13:37,Q1779327,,,,,,,
Processing fluency,https://en.wikipedia.org/wiki/Processing_fluency,2016-07-25T00:57:10,Q1530468,,,,,,,
Dagen H,https://en.wikipedia.org/wiki/Dagen_H,2016-07-03T22:32:27,Q376921,,,,,,,
Dancing mania,https://en.wikipedia.org/wiki/Dancing_mania,2016-06-19T03:39:14,Q2140711,,,,,,,
Conflict,https://en.wikipedia.org/wiki/Conflict_,2017-10-14T22:36:34,Q400889,Disambiguation page providing links to topics that could be referred to by the same search term,Conflict,Disambiguation page providing links to topics that could be referred to by the same search term,https://en.wikipedia.org/wiki/Conflict_,Q400889,2020-05-30T20:45:25,2020-05-30T20:45:25
Decision model,https://en.wikipedia.org/wiki/Decision_model,2017-08-16T21:39:45,Q5249242,,,,,,,
Community of practice,https://en.wikipedia.org/wiki/Community_of_practice,2017-08-08T04:29:56,Q936635,,,,,,,
Attribution bias,https://en.wikipedia.org/wiki/Attribution_bias,2017-08-08T03:19:13,Q849538,The systematic errors made when people evaluate their own and others' behaviors,Attribution bias,The systematic errors made when people evaluate their own and others' behaviors,https://en.wikipedia.org/wiki/Attribution_bias,Q849538,2020-05-30T20:45:25,2020-05-30T20:45:25
Literate programming,https://en.wikipedia.org/wiki/Literate_programming,2017-06-11T09:31:04,Q607703,,,,,,,
Synaptic pruning,https://en.wikipedia.org/wiki/Synaptic_pruning,2017-06-10T23:16:23,Q2124069,Process of synapse elimination that occurs between early childhood and the onset of puberty,Synaptic pruning,Process of synapse elimination that occurs between early childhood and the onset of puberty,https://en.wikipedia.org/wiki/Synaptic_pruning,Q2124069,2020-05-30T20:45:25,2020-05-30T20:45:25
Systems theory,https://en.wikipedia.org/wiki/Systems_theory,2016-12-08T19:48:52,Q269699,Interdisciplinary study of systems,Systems theory,Interdisciplinary study of systems,https://en.wikipedia.org/wiki/Systems_theory,Q269699,2020-05-30T20:45:25,2020-05-30T20:45:25
Social proof,https://en.wikipedia.org/wiki/Social_proof,2017-01-21T05:34:32,Q2993355,,,,,,,
Ben Franklin effect,https://en.wikipedia.org/wiki/Ben_Franklin_effect,2017-01-16T22:52:41,Q4885677,,,,,,,
Mortality salience,https://en.wikipedia.org/wiki/Mortality_salience,2017-01-15T23:50:51,Q3072626,,,,,,,
Lovecraftian horror,https://en.wikipedia.org/wiki/Lovecraftian_horror,2017-01-11T20:47:17,Q2448865,,,,,,,
Status quo bias,https://en.wikipedia.org/wiki/Status_quo_bias,2016-12-20T10:59:59,Q29598,,,,,,,
Flow,https://en.wikipedia.org/wiki/Flow_,2016-12-10T23:04:10,Q8961886,Disambiguation page providing links to topics that could be referred to by the same search term,Flow,Disambiguation page providing links to topics that could be referred to by the same search term,https://en.wikipedia.org/wiki/Flow_,Q8961886,2020-05-30T20:45:25,2020-05-30T20:45:25
Unit testing,https://en.wikipedia.org/wiki/Unit_testing,2016-11-20T23:11:25,Q907375,Software testing method by which individual units of source code are validated,Unit testing,Software testing method by which individual units of source code are validated,https://en.wikipedia.org/wiki/Unit_testing,Q907375,2020-05-30T20:45:25,2020-05-30T20:45:25
Presumption of innocent,https://en.wikipedia.org/wiki/List_of_legal_Latin_terms,2017-11-26T22:47:57,Q59583297,,,,,,,
Dying and rising god (mono myth),https://en.wikipedia.org/wiki/Dying,2016-07-20T09:31:01,Q642405,,,,,,,
Gaslighting,https://en.wikipedia.org/wiki/Mental_abuse,2016-07-06T21:07:49,Q1225041,,,,,,,
The Magical Number Seven,https://en.wikipedia.org/wiki/The_Magical_Number_Seven,2016-12-20T10:44:05,Q30053794,,,,,,,
Two Sided Network,https://en.wikipedia.org/wiki/Two,2016-12-01T12:13:48,Q2031007,,,,,,,
Cognitive dissonance,https://en.m.wikipedia.org/wiki/Cognitive_dissonance,2017-09-02T22:54:05,Q209722,"Psychological stress experienced by an individual who holds two or more contradictory beliefs, ideas, or values at the same time",Cognitive dissonance,"Psychological stress experienced by an individual who holds two or more contradictory beliefs, ideas, or values at the same time",https://en.m.wikipedia.org/wiki/Cognitive_dissonance,Q209722,2020-05-30T20:45:25,2020-05-30T20:45:25
Curse of knowledge,https://en.m.wikipedia.org/wiki/Curse_of_knowledge,2017-03-10T05:17:33,Q2901014,Cognitive bias of assuming that others have the same background to understand,Curse of knowledge,Cognitive bias of assuming that others have the same background to understand,https://en.m.wikipedia.org/wiki/Curse_of_knowledge,Q2901014,2020-05-30T20:45:25,2020-05-30T20:45:25
Dreyfus model of skill acquisition,https://en.m.wikipedia.org/wiki/Dreyfus_model_of_skill_acquisition,2017-09-26T11:44:18,Q5307365,,,,,,,
Epigenetics,https://en.m.wikipedia.org/wiki/Epigenetics,2017-08-29T23:50:49,Q26939,study of heritable DNA and histone modifications that affect the expression of a gene without a change in its nucleotide sequence.,Epigenetics,study of heritable DNA and histone modifications that affect the expression of a gene without a change in its nucleotide sequence.,https://en.m.wikipedia.org/wiki/Epigenetics,Q26939,2020-05-30T20:45:25,2020-05-30T20:45:25
FIDO Alliance,https://en.m.wikipedia.org/wiki/FIDO_Alliance,2016-10-03T10:55:42,Q15731702,Industry consortium working on authentication mechanisms,FIDO Alliance,Industry consortium working on authentication mechanisms,https://en.m.wikipedia.org/wiki/FIDO_Alliance,Q15731702,2020-05-30T20:45:25,2020-05-30T20:45:25
Fashion forecasting,https://en.m.wikipedia.org/wiki/Fashion_forecasting,2016-10-16T00:23:41,Q5436769,,,,,,,
German Question,https://en.m.wikipedia.org/wiki/German_Question,2019-02-09T14:36:26,Q13522713,Mid-19th century debate about unification of Germany,German Question,Mid-19th century debate about unification of Germany,https://en.m.wikipedia.org/wiki/German_Question,Q13522713,2020-05-30T20:45:25,2020-05-30T20:45:25
Hemingway Special,https://en.m.wikipedia.org/wiki/Hemingway_Special,2019-04-19T04:57:03,Q26879521,"Cocktail made of rum, maraschino, grapefruit juice, and lime juice",Hemingway Special,"Cocktail made of rum, maraschino, grapefruit juice, and lime juice",https://en.m.wikipedia.org/wiki/Hemingway_Special,Q26879521,2020-05-30T20:45:25,2020-05-30T20:45:25
Implementation intention,https://en.m.wikipedia.org/wiki/Implementation_intention,2016-10-11T11:55:27,Q1364123,,,,,,,
Jonah complex,https://en.m.wikipedia.org/wiki/Jonah_complex,2018-05-04T15:29:32,Q11741965,,Jonah complex,,https://en.wikipedia.org/wiki/Jonah_complex,,2020-09-13T01:17:07,2020-09-13T01:17:07
Knowledge gap hypothesis,https://en.m.wikipedia.org/wiki/Knowledge_gap_hypothesis,2017-04-18T22:20:24,Q1481327,,,,,,,
Positive psychology,https://en.m.wikipedia.org/wiki/Positive_psychology,2016-12-04T21:45:31,Q718809,Scientific study of the positive aspects of the human experience that make life worth living,Positive psychology,Scientific study of the positive aspects of the human experience that make life worth living,https://en.m.wikipedia.org/wiki/Positive_psychology,Q718809,2020-05-30T20:45:25,2020-05-30T20:45:25
Reactance (psychology),https://en.m.wikipedia.org/wiki/Reactance_(psychology),2018-05-17T06:49:59,Q746935,unpleasant emotion experienced when behavioral freedom is threatened,Reactance (psychology),unpleasant emotion experienced when behavioral freedom is threatened,https://en.m.wikipedia.org/wiki/Reactance_(psychology),Q746935,2020-05-30T20:45:25,2020-05-30T20:45:25
Self-knowledge (psychology),https://en.m.wikipedia.org/wiki/Self-knowledge_(psychology),2017-07-04T22:59:38,Q1527275,,,,,,,
Stanford marshmallow experiment,https://en.m.wikipedia.org/wiki/Stanford_marshmallow_experiment,2016-08-31T10:46:55,Q1523836,Study on delayed gratification by psychologist Walter Mischel,Stanford marshmallow experiment,Study on delayed gratification by psychologist Walter Mischel,https://en.m.wikipedia.org/wiki/Stanford_marshmallow_experiment,Q1523836,2020-05-30T20:45:25,2020-05-30T20:45:25
The Emperor's New Clothes,https://en.m.wikipedia.org/wiki/The_Emperor's_New_Clothes,2019-06-23T13:13:18,Q11866,Fairytale by Hans Christian Andersen,The Emperor's New Clothes,Fairytale by Hans Christian Andersen,https://en.m.wikipedia.org/wiki/The_Emperor's_New_Clothes,Q11866,2020-05-30T20:45:25,2020-05-30T20:45:25
Tuckman's stages of group development,https://en.m.wikipedia.org/wiki/Tuckman%27s_stages_of_group_development,2019-01-31T21:44:27,Q1393955,,,,,,,
Web standards,https://en.m.wikipedia.org/wiki/Web_standards,2017-06-19T14:20:20,Q1153289,Technical standard,Web standards,Technical standard,https://en.m.wikipedia.org/wiki/Web_standards,Q1153289,2020-05-30T20:45:25,2020-05-30T20:45:25
Champurrado,https://en.wikipedia.org/wiki/Champurrado,2019-05-14T05:35:32,Q2955932,Mexican chocolate beverage,Champurrado,Mexican chocolate beverage,https://en.wikipedia.org/wiki/Champurrado,Q2955932,2020-05-30T20:45:25,2020-05-30T20:45:25
Damerau–Levenshtein distance,https://en.wikipedia.org/wiki/Damerau%E2%80%93Levenshtein_distance,2018-02-03T21:25:52,Q2657425,,,,,,,
Latinx,https://en.wikipedia.org/wiki/Latinx,2020-05-07T14:13:26,Q30324002,U.S. gender-neutral term for people of Latin American heritage,Latinx,U.S. gender-neutral term for people of Latin American heritage,https://en.wikipedia.org/wiki/Latinx,Q30324002,2020-05-30T20:45:25,2020-05-30T20:45:25
Max Müller,https://en.wikipedia.org/wiki/Max_M%C3%BCller,2018-08-24T21:18:57,Q55068911,German-born philologist and orientalist,Max Müller,German-born philologist and orientalist,https://en.wikipedia.org/wiki/Max_M%C3%BCller,Q55068911,2020-05-30T20:45:25,2020-05-30T20:45:25
P versus NP problem,https://en.wikipedia.org/wiki/P_versus_NP_problem,2018-03-04T06:15:09,Q746242,Unsolved problem in computer science,P versus NP problem,Unsolved problem in computer science,https://en.wikipedia.org/wiki/P_versus_NP_problem,Q746242,2020-05-30T20:45:25,2020-05-30T20:45:25
Sacred geometry,https://en.wikipedia.org/wiki/Sacred_geometry,2018-09-21T07:03:28,Q583915,Symbolic and sacred meanings ascibed to certain geometric shapes,Sacred geometry,Symbolic and sacred meanings ascibed to certain geometric shapes,https://en.wikipedia.org/wiki/Sacred_geometry,Q583915,2020-05-30T20:45:25,2020-05-30T20:45:25
The Third Wave (experiment),https://en.wikipedia.org/wiki/The_Third_Wave_(experiment),2018-07-13T02:56:52,Q1059204,,,,,,,
Nicene Creed,https://en.wikipedia.org/wiki/Nicene_Creed,2018-12-11T16:34:53,Q207937,Statement of belief adopted at the First Ecumenical Council in 325,Nicene Creed,Statement of belief adopted at the First Ecumenical Council in 325,https://en.wikipedia.org/wiki/Nicene_Creed,Q207937,2020-05-30T20:45:25,2020-05-30T20:45:25
Enneagram of Personality,https://en.wikipedia.org/wiki/Enneagram_of_Personality,2018-11-26T05:28:40,Q273047,Of Oscar Ichazo and Claudio Naranjo,Enneagram of Personality,Of Oscar Ichazo and Claudio Naranjo,https://en.wikipedia.org/wiki/Enneagram_of_Personality,Q273047,2020-05-30T20:45:25,2020-05-30T20:45:25
Kano model,https://en.wikipedia.org/wiki/Kano_model,2018-06-06T23:01:38,Q1068173,,,,,,,
Mean time between failures,https://en.wikipedia.org/wiki/Mean_time_between_failures,2017-05-11T01:08:42,Q754940,,,,,,,
Growth hacking,https://en.wikipedia.org/wiki/Growth_hacking,2018-05-01T22:51:04,Q15896029,,,,,,,
Scientific method,https://en.wikipedia.org/wiki/Scientific_method,2017-05-11T01:22:05,Q46857,"Interplay between observation, experiment and theory in science",Scientific method,"Interplay between observation, experiment and theory in science",https://en.wikipedia.org/wiki/Scientific_method,Q46857,2020-05-30T20:45:25,2020-05-30T20:45:25
Theory of constraints,https://en.wikipedia.org/wiki/Theory_of_constraints,2017-04-26T04:50:21,Q956095,,,,,,,
Mental model,https://en.wikipedia.org/wiki/Mental_model,2017-04-24T08:41:27,Q1851867,Explanation of someone's thought process about how something works in the real world,Mental model,Explanation of someone's thought process about how something works in the real world,https://en.wikipedia.org/wiki/Mental_model,Q1851867,2020-05-30T20:45:25,2020-05-30T20:45:25
Classical test theory,https://en.wikipedia.org/wiki/Classical_test_theory,2018-03-04T06:18:50,Q389391,,,,,,,
Absurdism,https://en.wikipedia.org/wiki/Absurdism,2017-04-17T05:48:23,Q333625,"Conflict between the human tendency to seek inherent value and meaning in life and the human inability to find any in a purposeless, meaningless or chaotic and irrational universe",Absurdism,"Conflict between the human tendency to seek inherent value and meaning in life and the human inability to find any in a purposeless, meaningless or chaotic and irrational universe",https://en.wikipedia.org/wiki/Absurdism,Q333625,2020-05-30T20:45:25,2020-05-30T20:45:25
Populism,https://en.wikipedia.org/wiki/Populism,2018-01-29T08:27:09,Q180490,"Political philosophy that supports needs and desires of ""the people"" over those of ""the powerful.""",Populism,"Political philosophy that supports needs and desires of ""the people"" over those of ""the powerful.""",https://en.wikipedia.org/wiki/Populism,Q180490,2020-05-30T20:45:25,2020-05-30T20:45:25
Anti,https://en.wikipedia.org/wiki/Anti,2017-12-01T08:21:31,Q346504,Disambiguation page providing links to topics that could be referred to by the same search term,Anti,Disambiguation page providing links to topics that could be referred to by the same search term,https://en.wikipedia.org/wiki/Anti,Q346504,2020-05-30T20:45:25,2020-05-30T20:45:25
Big Five personality traits,https://en.wikipedia.org/wiki/Big_Five_personality_traits,2017-02-24T00:09:08,Q378132,Personality model consisting of five broad dimensions of personality,Big Five personality traits,Personality model consisting of five broad dimensions of personality,https://en.wikipedia.org/wiki/Big_Five_personality_traits,Q378132,2020-05-30T20:45:25,2020-05-30T20:45:25
2 + 2 = 5,https://en.wikipedia.org/wiki/2_%2B_2_%3D_5,2016-11-10T03:08:14,Q1097227,Example of Party logic presented in Nineteen Eighty-Four,2 + 2 = 5,Example of Party logic presented in Nineteen Eighty-Four,https://en.wikipedia.org/wiki/2_%2B_2_%3D_5,Q1097227,2020-05-30T20:45:25,2020-05-30T20:45:25
Project Cybersyn,https://en.wikipedia.org/wiki/Project_Cybersyn,2016-11-02T23:36:58,Q1147211,Chilean economic project,Project Cybersyn,Chilean economic project,https://en.wikipedia.org/wiki/Project_Cybersyn,Q1147211,2020-05-30T20:45:25,2020-05-30T20:45:25
Tab stop,https://en.wikipedia.org/wiki/Tab_stop,2016-10-31T08:42:01,Q3515540,,,,,,,
Hyman Minsky,https://en.wikipedia.org/wiki/Hyman_Minsky,2016-10-25T20:55:36,Q704076,,,,,,,
Conway's law,https://en.wikipedia.org/wiki/Conway%27s_law,2016-10-20T02:06:25,Q1518855,Adage stating that organizations design systems that mirror their own communication structure,Conway's law,Adage stating that organizations design systems that mirror their own communication structure,https://en.wikipedia.org/wiki/Conway%27s_law,Q1518855,2020-05-30T20:45:25,2020-05-30T20:45:25
Electronic data interchange,https://en.wikipedia.org/wiki/Electronic_data_interchange,2016-10-14T13:47:55,Q690189,,,,,,,
Fractional Reserve Banking,https://en.wikipedia.org/wiki/Fractional,2016-10-31T10:50:24,Q123642,,,,,,,
Allegory of the Cave,http://en.m.wikipedia.org/wiki/Allegory_of_the_Cave,2015-03-18T13:19:16,Q22738,,,,,,,
Law of thought,https://en.m.wikipedia.org/wiki/Law_of_thought#The_three_traditional_laws,2017-06-12T07:00:12,Q1187945,,,,,,,
List,https://en.wikipedia.org/wiki/List_,2015-08-04T22:57:45,Q162032,Disambiguation page providing links to topics that could be referred to by the same search term,List,Disambiguation page providing links to topics that could be referred to by the same search term,https://en.wikipedia.org/wiki/List_,Q162032,2020-05-30T20:45:25,2020-05-30T20:45:25
Bus factor,https://en.wikipedia.org/wiki/Bus_factor,2016-05-04T03:58:59,Q1812883,A measurement of the risk of losing key technical experts,Bus factor,A measurement of the risk of losing key technical experts,https://en.wikipedia.org/wiki/Bus_factor,Q1812883,2020-05-30T20:45:25,2020-05-30T20:45:25
Volstead Act,https://en.wikipedia.org/wiki/Volstead_Act,2016-01-12T10:17:26,Q1613068,An act to prohibit intoxicating beverages in the USA,Volstead Act,An act to prohibit intoxicating beverages in the USA,https://en.wikipedia.org/wiki/Volstead_Act,Q1613068,2020-05-30T20:45:25,2020-05-30T20:45:25
Reciprocity,https://en.wikipedia.org/wiki/Reciprocity_,2017-09-12T20:54:32,Q1350049,Disambiguation page providing links to topics that could be referred to by the same search term,Reciprocity,Disambiguation page providing links to topics that could be referred to by the same search term,https://en.wikipedia.org/wiki/Reciprocity_,Q1350049,2020-05-30T20:45:25,2020-05-30T20:45:25
Determinism,https://en.wikipedia.org/wiki/Determinism,2017-09-03T23:45:54,Q131133,The philosophical belief that all events are determined completely by previously existing causes,Determinism,The philosophical belief that all events are determined completely by previously existing causes,https://en.wikipedia.org/wiki/Determinism,Q131133,2020-05-30T20:45:25,2020-05-30T20:45:25
Social democracy,https://en.wikipedia.org/wiki/Social_democracy,2017-06-12T09:53:41,Q121254,political ideology within the socialist movement,Social democracy,political ideology within the socialist movement,https://en.wikipedia.org/wiki/Social_democracy,Q121254,2020-05-30T20:45:25,2020-05-30T20:45:25
Critical thinking,https://en.wikipedia.org/wiki/Critical_thinking,2017-06-07T02:41:24,Q843894,The analysis of facts to form a judgment,Critical thinking,The analysis of facts to form a judgment,https://en.wikipedia.org/wiki/Critical_thinking,Q843894,2020-05-30T20:45:25,2020-05-30T20:45:25
SOLID,https://en.wikipedia.org/wiki/SOLID,2016-12-21T05:26:49,Q2583627,Object-oriented programming design principles,SOLID,Object-oriented programming design principles,https://en.wikipedia.org/wiki/SOLID,Q2583627,2020-05-30T20:45:25,2020-05-30T20:45:25
Flynn effect,https://en.wikipedia.org/wiki/Flynn_effect,2016-11-28T08:49:59,Q508736,20th century rise in overall human intelligence,Flynn effect,20th century rise in overall human intelligence,https://en.wikipedia.org/wiki/Flynn_effect,Q508736,2020-05-30T20:45:25,2020-05-30T20:45:25
First,https://en.wikipedia.org/wiki/First,2016-11-08T11:03:17,Q351401,Disambiguation page providing links to topics that could be referred to by the same search term,First,Disambiguation page providing links to topics that could be referred to by the same search term,https://en.wikipedia.org/wiki/First,Q351401,2020-05-30T20:45:25,2020-05-30T20:45:25
Data mapping,https://en.wikipedia.org/wiki/Data_mapping,2016-10-14T14:03:30,Q2330408,,,,,,,
,,,,,XY Problem,,https://en.wikipedia.org/wiki/XY_problem,,2020-07-20T03:50:39,2020-07-20T03:50:39
,,,,,Dead Cat Strategy,,https://en.wikipedia.org/wiki/Dead_cat_strategy,,2020-08-10T05:34:06,2020-08-10T05:34:06
,,,,,Hispanic Paradox,,https://en.wikipedia.org/wiki/Hispanic_paradox,,2020-08-17T03:21:40,2020-08-17T03:21:40
,,,,,Hegra (Mada'in Salih),,https://en.wikipedia.org/wiki/Hegra_(Mada'in_Salih),,2020-08-17T03:22:22,2020-08-17T03:22:22
,,,,,Wowser,,https://en.wikipedia.org/wiki/Wowser,,2020-08-17T07:16:43,2020-08-17T07:16:43
,,,,,Benford's Law,,https://en.wikipedia.org/wiki/Benford's_law,,2020-08-17T07:17:08,2020-08-17T07:17:08
,,,,,"Volatility, uncertainty, complexity and ambiguity",,"https://en.wikipedia.org/wiki/Volatility,_uncertainty,_complexity_and_ambiguity",,2020-08-17T23:37:29,2020-08-17T23:37:29
,,,,,Superior orders,,https://en.wikipedia.org/wiki/Superior_orders,,2020-09-17T01:33:53,2020-09-17T01:33:53
,,,,,Antifeminism,,https://en.wikipedia.org/wiki/Antifeminism,,2020-10-11T23:52:13,2020-10-11T23:52:13
,,,,,Modern Monetary Theory,,https://en.wikipedia.org/wiki/Modern_Monetary_Theory,,2020-10-15T06:15:55,2020-10-15T06:15:55
,,,,,Locus ofcontrol,,https://en.wikipedia.org/wiki/Locus_of_control,,2020-10-21T21:37:53,2020-10-21T21:37:53
,,,,,Locus of control,,https://en.wikipedia.org/wiki/Locus_of_control,,2020-10-21T21:37:54,2020-10-21T21:37:54
,,,,,Self-efficacy,,https://en.wikipedia.org/wiki/Self-efficacy,,2020-10-21T21:38:06,2020-10-21T21:38:06
,,,,,Acceptance and commitment therapy,,https://en.wikipedia.org/wikiAcceptance_and_commitment_therapy,,2020-10-21T21:38:29,2020-10-21T21:38:29
,,,,,Reification fallacy,,https://en.wikipedia.org/wiki/Reification_(fallacy),,2020-10-21T21:38:57,2020-10-21T21:38:57
,,,,,Realpolitik,,https://en.wikipedia.org/wiki/Realpolitik,,2020-11-11T08:50:12,2020-11-11T08:50:12
,,,,,Stockdale Paradox,,https://en.wikipedia.org/wiki/James_Stockdale#The_Stockdale_Paradox,,2020-12-15T09:45:10,2020-12-15T09:45:10
,,,,,Overton Window,,https://en.wikipedia.org/wiki/Overton_window,,2020-12-15T09:45:30,2020-12-15T09:45:30
,,,,,Shouting fire in a crowded theatre,,https://en.wikipedia.org/wiki/Shouting_fire_in_a_crowded_theater,,2020-12-16T20:06:22,2020-12-16T20:06:22
,,,,,Doublespeak,,https://en.wikipedia.org/wiki/Doublespeak,,2021-01-26T06:51:04,2021-01-26T06:51:04
,,,,,Vulture_fund,,https://en.wikipedia.org/wiki/Vulture_fund,,2021-01-28T21:06:33,2021-01-28T21:06:33
